CREATE TABLE IF NOT EXISTS "auth_group" ("id" integer NOT NULL PRIMARY KEY AUTOINCREMENT, "name" varchar(150) NOT NULL UNIQUE);
CREATE UNIQUE INDEX "auth_group_permissions_group_id_permission_id_0cd325b0_uniq" ON "auth_group_permissions" ("group_id", "permission_id");
CREATE INDEX IF NOT EXISTS "auth_group_permissions_group_id_b120cbf9" ON "auth_group_permissions" ("group_id");
CREATE INDEX IF NOT EXISTS "auth_group_permissions_permission_id_84c5c92e" ON "auth_group_permissions" ("permission_id");
CREATE UNIQUE INDEX "auth_user_groups_user_id_group_id_94350c0c_uniq" ON "auth_user_groups" ("user_id", "group_id");
CREATE INDEX IF NOT EXISTS "auth_user_groups_user_id_6a12ed8b" ON "auth_user_groups" ("user_id");
CREATE INDEX IF NOT EXISTS "auth_user_groups_group_id_97559544" ON "auth_user_groups" ("group_id");
CREATE UNIQUE INDEX "auth_user_user_permissions_user_id_permission_id_14a6b632_uniq" ON "auth_user_user_permissions" ("user_id", "permission_id");
CREATE INDEX IF NOT EXISTS "auth_user_user_permissions_user_id_a95ead1b" ON "auth_user_user_permissions" ("user_id");
CREATE INDEX IF NOT EXISTS "auth_user_user_permissions_permission_id_1fbb5f2c" ON "auth_user_user_permissions" ("permission_id");
CREATE INDEX IF NOT EXISTS "django_admin_log_content_type_id_c4bce8eb" ON "django_admin_log" ("content_type_id");
CREATE INDEX IF NOT EXISTS "django_admin_log_user_id_c564eba6" ON "django_admin_log" ("user_id");
CREATE UNIQUE INDEX "django_content_type_app_label_model_76bd3d3b_uniq" ON "django_content_type" ("app_label", "model");
CREATE UNIQUE INDEX "auth_permission_content_type_id_codename_01ab375a_uniq" ON "auth_permission" ("content_type_id", "codename");
CREATE INDEX IF NOT EXISTS "auth_permission_content_type_id_2f476e4b" ON "auth_permission" ("content_type_id");
CREATE INDEX IF NOT EXISTS "django_session_expire_date_a5c62663" ON "django_session" ("expire_date");
CREATE INDEX IF NOT EXISTS "item_item_category_id_7971a411" ON "item_item" ("category_id");
CREATE INDEX IF NOT EXISTS "item_item_created_by_id_abf41b7a" ON "item_item" ("created_by_id");
CREATE UNIQUE INDEX "cart_invoice_items_invoice_id_item_id_52c65eb2_uniq" ON "cart_invoice_items" ("invoice_id", "item_id");
CREATE INDEX IF NOT EXISTS "cart_invoice_items_invoice_id_2d01b4dc" ON "cart_invoice_items" ("invoice_id");
CREATE INDEX IF NOT EXISTS "cart_invoice_items_item_id_4352cbdb" ON "cart_invoice_items" ("item_id");
CREATE INDEX IF NOT EXISTS "django_apscheduler_djangojob_next_run_time_2f022619" ON "django_apscheduler_djangojob" ("next_run_time");
CREATE INDEX IF NOT EXISTS "django_apscheduler_djangojobexecution_run_time_16edd96b" ON "django_apscheduler_djangojobexecution" ("run_time");
CREATE INDEX IF NOT EXISTS "django_apscheduler_djangojobexecution_job_id_daf5090a" ON "django_apscheduler_djangojobexecution" ("job_id");
CREATE TABLE IF NOT EXISTS "auth_group_permissions" ("id" integer NOT NULL PRIMARY KEY AUTOINCREMENT, "group_id" integer NOT NULL REFERENCES "auth_group" ("id") DEFERRABLE INITIALLY DEFERRED, "permission_id" integer NOT NULL REFERENCES "auth_permission" ("id") DEFERRABLE INITIALLY DEFERRED);
CREATE UNIQUE INDEX "auth_group_permissions_group_id_permission_id_0cd325b0_uniq" ON "auth_group_permissions" ("group_id", "permission_id");
CREATE INDEX IF NOT EXISTS "auth_group_permissions_group_id_b120cbf9" ON "auth_group_permissions" ("group_id");
CREATE INDEX IF NOT EXISTS "auth_group_permissions_permission_id_84c5c92e" ON "auth_group_permissions" ("permission_id");
CREATE UNIQUE INDEX "auth_user_groups_user_id_group_id_94350c0c_uniq" ON "auth_user_groups" ("user_id", "group_id");
CREATE INDEX IF NOT EXISTS "auth_user_groups_user_id_6a12ed8b" ON "auth_user_groups" ("user_id");
CREATE INDEX IF NOT EXISTS "auth_user_groups_group_id_97559544" ON "auth_user_groups" ("group_id");
CREATE UNIQUE INDEX "auth_user_user_permissions_user_id_permission_id_14a6b632_uniq" ON "auth_user_user_permissions" ("user_id", "permission_id");
CREATE INDEX IF NOT EXISTS "auth_user_user_permissions_user_id_a95ead1b" ON "auth_user_user_permissions" ("user_id");
CREATE INDEX IF NOT EXISTS "auth_user_user_permissions_permission_id_1fbb5f2c" ON "auth_user_user_permissions" ("permission_id");
CREATE INDEX IF NOT EXISTS "django_admin_log_content_type_id_c4bce8eb" ON "django_admin_log" ("content_type_id");
CREATE INDEX IF NOT EXISTS "django_admin_log_user_id_c564eba6" ON "django_admin_log" ("user_id");
CREATE UNIQUE INDEX "django_content_type_app_label_model_76bd3d3b_uniq" ON "django_content_type" ("app_label", "model");
CREATE UNIQUE INDEX "auth_permission_content_type_id_codename_01ab375a_uniq" ON "auth_permission" ("content_type_id", "codename");
CREATE INDEX IF NOT EXISTS "auth_permission_content_type_id_2f476e4b" ON "auth_permission" ("content_type_id");
CREATE INDEX IF NOT EXISTS "django_session_expire_date_a5c62663" ON "django_session" ("expire_date");
CREATE INDEX IF NOT EXISTS "item_item_category_id_7971a411" ON "item_item" ("category_id");
CREATE INDEX IF NOT EXISTS "item_item_created_by_id_abf41b7a" ON "item_item" ("created_by_id");
CREATE UNIQUE INDEX "cart_invoice_items_invoice_id_item_id_52c65eb2_uniq" ON "cart_invoice_items" ("invoice_id", "item_id");
CREATE INDEX IF NOT EXISTS "cart_invoice_items_invoice_id_2d01b4dc" ON "cart_invoice_items" ("invoice_id");
CREATE INDEX IF NOT EXISTS "cart_invoice_items_item_id_4352cbdb" ON "cart_invoice_items" ("item_id");
CREATE INDEX IF NOT EXISTS "django_apscheduler_djangojob_next_run_time_2f022619" ON "django_apscheduler_djangojob" ("next_run_time");
CREATE INDEX IF NOT EXISTS "django_apscheduler_djangojobexecution_run_time_16edd96b" ON "django_apscheduler_djangojobexecution" ("run_time");
CREATE INDEX IF NOT EXISTS "django_apscheduler_djangojobexecution_job_id_daf5090a" ON "django_apscheduler_djangojobexecution" ("job_id");
CREATE TABLE IF NOT EXISTS "auth_permission" ("id" integer NOT NULL PRIMARY KEY AUTOINCREMENT, "content_type_id" integer NOT NULL REFERENCES "django_content_type" ("id") DEFERRABLE INITIALLY DEFERRED, "codename" varchar(100) NOT NULL, "name" varchar(255) NOT NULL);
INSERT INTO "auth_permission" VALUES(1,1,'add_logentry','Can add log entry');
INSERT INTO "auth_permission" VALUES(2,1,'change_logentry','Can change log entry');
INSERT INTO "auth_permission" VALUES(3,1,'delete_logentry','Can delete log entry');
INSERT INTO "auth_permission" VALUES(4,1,'view_logentry','Can view log entry');
INSERT INTO "auth_permission" VALUES(5,2,'add_permission','Can add permission');
INSERT INTO "auth_permission" VALUES(6,2,'change_permission','Can change permission');
INSERT INTO "auth_permission" VALUES(7,2,'delete_permission','Can delete permission');
INSERT INTO "auth_permission" VALUES(8,2,'view_permission','Can view permission');
INSERT INTO "auth_permission" VALUES(9,3,'add_group','Can add group');
INSERT INTO "auth_permission" VALUES(10,3,'change_group','Can change group');
INSERT INTO "auth_permission" VALUES(11,3,'delete_group','Can delete group');
INSERT INTO "auth_permission" VALUES(12,3,'view_group','Can view group');
INSERT INTO "auth_permission" VALUES(13,4,'add_user','Can add user');
INSERT INTO "auth_permission" VALUES(14,4,'change_user','Can change user');
INSERT INTO "auth_permission" VALUES(15,4,'delete_user','Can delete user');
INSERT INTO "auth_permission" VALUES(16,4,'view_user','Can view user');
INSERT INTO "auth_permission" VALUES(17,5,'add_contenttype','Can add content type');
INSERT INTO "auth_permission" VALUES(18,5,'change_contenttype','Can change content type');
INSERT INTO "auth_permission" VALUES(19,5,'delete_contenttype','Can delete content type');
INSERT INTO "auth_permission" VALUES(20,5,'view_contenttype','Can view content type');
INSERT INTO "auth_permission" VALUES(21,6,'add_session','Can add session');
INSERT INTO "auth_permission" VALUES(22,6,'change_session','Can change session');
INSERT INTO "auth_permission" VALUES(23,6,'delete_session','Can delete session');
INSERT INTO "auth_permission" VALUES(24,6,'view_session','Can view session');
INSERT INTO "auth_permission" VALUES(25,7,'add_category','Can add category');
INSERT INTO "auth_permission" VALUES(26,7,'change_category','Can change category');
INSERT INTO "auth_permission" VALUES(27,7,'delete_category','Can delete category');
INSERT INTO "auth_permission" VALUES(28,7,'view_category','Can view category');
INSERT INTO "auth_permission" VALUES(29,8,'add_item','Can add item');
INSERT INTO "auth_permission" VALUES(30,8,'change_item','Can change item');
INSERT INTO "auth_permission" VALUES(31,8,'delete_item','Can delete item');
INSERT INTO "auth_permission" VALUES(32,8,'view_item','Can view item');
INSERT INTO "auth_permission" VALUES(33,9,'add_invoice','Can add invoice');
INSERT INTO "auth_permission" VALUES(34,9,'change_invoice','Can change invoice');
INSERT INTO "auth_permission" VALUES(35,9,'delete_invoice','Can delete invoice');
INSERT INTO "auth_permission" VALUES(36,9,'view_invoice','Can view invoice');
INSERT INTO "auth_permission" VALUES(37,10,'add_djangojob','Can add django job');
INSERT INTO "auth_permission" VALUES(38,10,'change_djangojob','Can change django job');
INSERT INTO "auth_permission" VALUES(39,10,'delete_djangojob','Can delete django job');
INSERT INTO "auth_permission" VALUES(40,10,'view_djangojob','Can view django job');
INSERT INTO "auth_permission" VALUES(41,11,'add_djangojobexecution','Can add django job execution');
INSERT INTO "auth_permission" VALUES(42,11,'change_djangojobexecution','Can change django job execution');
INSERT INTO "auth_permission" VALUES(43,11,'delete_djangojobexecution','Can delete django job execution');
INSERT INTO "auth_permission" VALUES(44,11,'view_djangojobexecution','Can view django job execution');
CREATE UNIQUE INDEX "auth_group_permissions_group_id_permission_id_0cd325b0_uniq" ON "auth_group_permissions" ("group_id", "permission_id");
CREATE INDEX IF NOT EXISTS "auth_group_permissions_group_id_b120cbf9" ON "auth_group_permissions" ("group_id");
CREATE INDEX IF NOT EXISTS "auth_group_permissions_permission_id_84c5c92e" ON "auth_group_permissions" ("permission_id");
CREATE UNIQUE INDEX "auth_user_groups_user_id_group_id_94350c0c_uniq" ON "auth_user_groups" ("user_id", "group_id");
CREATE INDEX IF NOT EXISTS "auth_user_groups_user_id_6a12ed8b" ON "auth_user_groups" ("user_id");
CREATE INDEX IF NOT EXISTS "auth_user_groups_group_id_97559544" ON "auth_user_groups" ("group_id");
CREATE UNIQUE INDEX "auth_user_user_permissions_user_id_permission_id_14a6b632_uniq" ON "auth_user_user_permissions" ("user_id", "permission_id");
CREATE INDEX IF NOT EXISTS "auth_user_user_permissions_user_id_a95ead1b" ON "auth_user_user_permissions" ("user_id");
CREATE INDEX IF NOT EXISTS "auth_user_user_permissions_permission_id_1fbb5f2c" ON "auth_user_user_permissions" ("permission_id");
CREATE INDEX IF NOT EXISTS "django_admin_log_content_type_id_c4bce8eb" ON "django_admin_log" ("content_type_id");
CREATE INDEX IF NOT EXISTS "django_admin_log_user_id_c564eba6" ON "django_admin_log" ("user_id");
CREATE UNIQUE INDEX "django_content_type_app_label_model_76bd3d3b_uniq" ON "django_content_type" ("app_label", "model");
CREATE UNIQUE INDEX "auth_permission_content_type_id_codename_01ab375a_uniq" ON "auth_permission" ("content_type_id", "codename");
CREATE INDEX IF NOT EXISTS "auth_permission_content_type_id_2f476e4b" ON "auth_permission" ("content_type_id");
CREATE INDEX IF NOT EXISTS "django_session_expire_date_a5c62663" ON "django_session" ("expire_date");
CREATE INDEX IF NOT EXISTS "item_item_category_id_7971a411" ON "item_item" ("category_id");
CREATE INDEX IF NOT EXISTS "item_item_created_by_id_abf41b7a" ON "item_item" ("created_by_id");
CREATE UNIQUE INDEX "cart_invoice_items_invoice_id_item_id_52c65eb2_uniq" ON "cart_invoice_items" ("invoice_id", "item_id");
CREATE INDEX IF NOT EXISTS "cart_invoice_items_invoice_id_2d01b4dc" ON "cart_invoice_items" ("invoice_id");
CREATE INDEX IF NOT EXISTS "cart_invoice_items_item_id_4352cbdb" ON "cart_invoice_items" ("item_id");
CREATE INDEX IF NOT EXISTS "django_apscheduler_djangojob_next_run_time_2f022619" ON "django_apscheduler_djangojob" ("next_run_time");
CREATE INDEX IF NOT EXISTS "django_apscheduler_djangojobexecution_run_time_16edd96b" ON "django_apscheduler_djangojobexecution" ("run_time");
CREATE INDEX IF NOT EXISTS "django_apscheduler_djangojobexecution_job_id_daf5090a" ON "django_apscheduler_djangojobexecution" ("job_id");
CREATE TABLE IF NOT EXISTS "auth_user" ("id" integer NOT NULL PRIMARY KEY AUTOINCREMENT, "password" varchar(128) NOT NULL, "last_login" datetime NULL, "is_superuser" bool NOT NULL, "username" varchar(150) NOT NULL UNIQUE, "last_name" varchar(150) NOT NULL, "email" varchar(254) NOT NULL, "is_staff" bool NOT NULL, "is_active" bool NOT NULL, "date_joined" datetime NOT NULL, "first_name" varchar(150) NOT NULL);
INSERT INTO "auth_user" VALUES(1,'pbkdf2_sha256$720000$JUd0bucxJBYEBLLoa9GTI3$2VobFEp7//gEta0Kyl7ffvi7Xrs4bYoIyge9RUwNOsA=','2023-12-18 13:33:20.513524',1,'admin','','admin@vinyldiscsmarketplace.com',1,1,'2023-12-06 12:19:35.144856','');
INSERT INTO "auth_user" VALUES(2,'pbkdf2_sha256$720000$9wdI8VBA4wOMCyfQjhO2jh$MnKEI/ZiCyF2FiR5JymCrn4TG34a2+eG10cNyit6nKc=',NULL,0,'adamlahovskyi','','postofadam@gmail.com',0,1,'2023-12-07 08:06:41.406012','');
INSERT INTO "auth_user" VALUES(3,'pbkdf2_sha256$720000$unTPAVCD7Bc94YPl7yASQs$f6b/NEZtVlsHp4kI8RZW77UX2ow+wYQEsfrEnpy6Eig=','2023-12-07 08:21:54.827885',0,'ipz221_lav','','ipz221_lav@student.ztu.edu.ua',0,1,'2023-12-07 08:21:44.922626','');
INSERT INTO "auth_user" VALUES(4,'pbkdf2_sha256$720000$aFP22WQpHIUi4138T9eeUA$IjQRa2xxQk1O51mxhhguJoEsj5mUnryrs7nsTfkQdSo=','2023-12-08 16:39:31.860141',0,'yaroslav','','yaroslav@gmai.com',0,1,'2023-12-08 16:39:22.023168','');
INSERT INTO "auth_user" VALUES(5,'pbkdf2_sha256$720000$CH2TPUKKIksWt4LbREXAlh$cbqmWn+gdpWge+EpW8Yj8Ti8gq7UBqISDDxOP9n9i9k=','2023-12-12 09:52:00.031385',0,'maximmahaz','','maxloxhamaz@gmail.com',0,1,'2023-12-12 09:51:33.301944','');
INSERT INTO "auth_user" VALUES(6,'pbkdf2_sha256$720000$txU0Rb200p6RmpQhJac6Ps$l6UVtG7hAi3vkyUqRBsfrURSyKgZgG16Wtla/fEUABw=','2023-12-12 10:11:05.999920',0,'maxhamaz','','maxhamaz@gmail.com',0,1,'2023-12-12 10:05:49.643450','');
INSERT INTO "auth_user" VALUES(7,'pbkdf2_sha256$720000$dkHBB6sU28GKRHv1XsR9lh$CSOjVDb6gZ249kQ2bc5C/ORiBzbUrtV8EE5u3dDYp1Q=','2023-12-20 14:30:08.488248',0,'baliuk','','baliuk@gmail.com',0,1,'2023-12-14 08:37:09.105953','');
INSERT INTO "auth_user" VALUES(8,'pbkdf2_sha256$720000$XCEccFrFVfLGdpTM2yIjFY$baBmrmeNgo+980a+noMr7ICmM1FWXH0cD8mGOb+MaIk=','2023-12-18 13:35:31.038587',0,'dirgen','','dergen@gmail.com',0,1,'2023-12-18 13:35:02.014540','');
CREATE UNIQUE INDEX "auth_group_permissions_group_id_permission_id_0cd325b0_uniq" ON "auth_group_permissions" ("group_id", "permission_id");
CREATE INDEX IF NOT EXISTS "auth_group_permissions_group_id_b120cbf9" ON "auth_group_permissions" ("group_id");
CREATE INDEX IF NOT EXISTS "auth_group_permissions_permission_id_84c5c92e" ON "auth_group_permissions" ("permission_id");
CREATE UNIQUE INDEX "auth_user_groups_user_id_group_id_94350c0c_uniq" ON "auth_user_groups" ("user_id", "group_id");
CREATE INDEX IF NOT EXISTS "auth_user_groups_user_id_6a12ed8b" ON "auth_user_groups" ("user_id");
CREATE INDEX IF NOT EXISTS "auth_user_groups_group_id_97559544" ON "auth_user_groups" ("group_id");
CREATE UNIQUE INDEX "auth_user_user_permissions_user_id_permission_id_14a6b632_uniq" ON "auth_user_user_permissions" ("user_id", "permission_id");
CREATE INDEX IF NOT EXISTS "auth_user_user_permissions_user_id_a95ead1b" ON "auth_user_user_permissions" ("user_id");
CREATE INDEX IF NOT EXISTS "auth_user_user_permissions_permission_id_1fbb5f2c" ON "auth_user_user_permissions" ("permission_id");
CREATE INDEX IF NOT EXISTS "django_admin_log_content_type_id_c4bce8eb" ON "django_admin_log" ("content_type_id");
CREATE INDEX IF NOT EXISTS "django_admin_log_user_id_c564eba6" ON "django_admin_log" ("user_id");
CREATE UNIQUE INDEX "django_content_type_app_label_model_76bd3d3b_uniq" ON "django_content_type" ("app_label", "model");
CREATE UNIQUE INDEX "auth_permission_content_type_id_codename_01ab375a_uniq" ON "auth_permission" ("content_type_id", "codename");
CREATE INDEX IF NOT EXISTS "auth_permission_content_type_id_2f476e4b" ON "auth_permission" ("content_type_id");
CREATE INDEX IF NOT EXISTS "django_session_expire_date_a5c62663" ON "django_session" ("expire_date");
CREATE INDEX IF NOT EXISTS "item_item_category_id_7971a411" ON "item_item" ("category_id");
CREATE INDEX IF NOT EXISTS "item_item_created_by_id_abf41b7a" ON "item_item" ("created_by_id");
CREATE UNIQUE INDEX "cart_invoice_items_invoice_id_item_id_52c65eb2_uniq" ON "cart_invoice_items" ("invoice_id", "item_id");
CREATE INDEX IF NOT EXISTS "cart_invoice_items_invoice_id_2d01b4dc" ON "cart_invoice_items" ("invoice_id");
CREATE INDEX IF NOT EXISTS "cart_invoice_items_item_id_4352cbdb" ON "cart_invoice_items" ("item_id");
CREATE INDEX IF NOT EXISTS "django_apscheduler_djangojob_next_run_time_2f022619" ON "django_apscheduler_djangojob" ("next_run_time");
CREATE INDEX IF NOT EXISTS "django_apscheduler_djangojobexecution_run_time_16edd96b" ON "django_apscheduler_djangojobexecution" ("run_time");
CREATE INDEX IF NOT EXISTS "django_apscheduler_djangojobexecution_job_id_daf5090a" ON "django_apscheduler_djangojobexecution" ("job_id");
CREATE TABLE IF NOT EXISTS "auth_user_groups" ("id" integer NOT NULL PRIMARY KEY AUTOINCREMENT, "user_id" integer NOT NULL REFERENCES "auth_user" ("id") DEFERRABLE INITIALLY DEFERRED, "group_id" integer NOT NULL REFERENCES "auth_group" ("id") DEFERRABLE INITIALLY DEFERRED);
CREATE UNIQUE INDEX "auth_group_permissions_group_id_permission_id_0cd325b0_uniq" ON "auth_group_permissions" ("group_id", "permission_id");
CREATE INDEX IF NOT EXISTS "auth_group_permissions_group_id_b120cbf9" ON "auth_group_permissions" ("group_id");
CREATE INDEX IF NOT EXISTS "auth_group_permissions_permission_id_84c5c92e" ON "auth_group_permissions" ("permission_id");
CREATE UNIQUE INDEX "auth_user_groups_user_id_group_id_94350c0c_uniq" ON "auth_user_groups" ("user_id", "group_id");
CREATE INDEX IF NOT EXISTS "auth_user_groups_user_id_6a12ed8b" ON "auth_user_groups" ("user_id");
CREATE INDEX IF NOT EXISTS "auth_user_groups_group_id_97559544" ON "auth_user_groups" ("group_id");
CREATE UNIQUE INDEX "auth_user_user_permissions_user_id_permission_id_14a6b632_uniq" ON "auth_user_user_permissions" ("user_id", "permission_id");
CREATE INDEX IF NOT EXISTS "auth_user_user_permissions_user_id_a95ead1b" ON "auth_user_user_permissions" ("user_id");
CREATE INDEX IF NOT EXISTS "auth_user_user_permissions_permission_id_1fbb5f2c" ON "auth_user_user_permissions" ("permission_id");
CREATE INDEX IF NOT EXISTS "django_admin_log_content_type_id_c4bce8eb" ON "django_admin_log" ("content_type_id");
CREATE INDEX IF NOT EXISTS "django_admin_log_user_id_c564eba6" ON "django_admin_log" ("user_id");
CREATE UNIQUE INDEX "django_content_type_app_label_model_76bd3d3b_uniq" ON "django_content_type" ("app_label", "model");
CREATE UNIQUE INDEX "auth_permission_content_type_id_codename_01ab375a_uniq" ON "auth_permission" ("content_type_id", "codename");
CREATE INDEX IF NOT EXISTS "auth_permission_content_type_id_2f476e4b" ON "auth_permission" ("content_type_id");
CREATE INDEX IF NOT EXISTS "django_session_expire_date_a5c62663" ON "django_session" ("expire_date");
CREATE INDEX IF NOT EXISTS "item_item_category_id_7971a411" ON "item_item" ("category_id");
CREATE INDEX IF NOT EXISTS "item_item_created_by_id_abf41b7a" ON "item_item" ("created_by_id");
CREATE UNIQUE INDEX "cart_invoice_items_invoice_id_item_id_52c65eb2_uniq" ON "cart_invoice_items" ("invoice_id", "item_id");
CREATE INDEX IF NOT EXISTS "cart_invoice_items_invoice_id_2d01b4dc" ON "cart_invoice_items" ("invoice_id");
CREATE INDEX IF NOT EXISTS "cart_invoice_items_item_id_4352cbdb" ON "cart_invoice_items" ("item_id");
CREATE INDEX IF NOT EXISTS "django_apscheduler_djangojob_next_run_time_2f022619" ON "django_apscheduler_djangojob" ("next_run_time");
CREATE INDEX IF NOT EXISTS "django_apscheduler_djangojobexecution_run_time_16edd96b" ON "django_apscheduler_djangojobexecution" ("run_time");
CREATE INDEX IF NOT EXISTS "django_apscheduler_djangojobexecution_job_id_daf5090a" ON "django_apscheduler_djangojobexecution" ("job_id");
CREATE TABLE IF NOT EXISTS "auth_user_user_permissions" ("id" integer NOT NULL PRIMARY KEY AUTOINCREMENT, "user_id" integer NOT NULL REFERENCES "auth_user" ("id") DEFERRABLE INITIALLY DEFERRED, "permission_id" integer NOT NULL REFERENCES "auth_permission" ("id") DEFERRABLE INITIALLY DEFERRED);
CREATE UNIQUE INDEX "auth_group_permissions_group_id_permission_id_0cd325b0_uniq" ON "auth_group_permissions" ("group_id", "permission_id");
CREATE INDEX IF NOT EXISTS "auth_group_permissions_group_id_b120cbf9" ON "auth_group_permissions" ("group_id");
CREATE INDEX IF NOT EXISTS "auth_group_permissions_permission_id_84c5c92e" ON "auth_group_permissions" ("permission_id");
CREATE UNIQUE INDEX "auth_user_groups_user_id_group_id_94350c0c_uniq" ON "auth_user_groups" ("user_id", "group_id");
CREATE INDEX IF NOT EXISTS "auth_user_groups_user_id_6a12ed8b" ON "auth_user_groups" ("user_id");
CREATE INDEX IF NOT EXISTS "auth_user_groups_group_id_97559544" ON "auth_user_groups" ("group_id");
CREATE UNIQUE INDEX "auth_user_user_permissions_user_id_permission_id_14a6b632_uniq" ON "auth_user_user_permissions" ("user_id", "permission_id");
CREATE INDEX IF NOT EXISTS "auth_user_user_permissions_user_id_a95ead1b" ON "auth_user_user_permissions" ("user_id");
CREATE INDEX IF NOT EXISTS "auth_user_user_permissions_permission_id_1fbb5f2c" ON "auth_user_user_permissions" ("permission_id");
CREATE INDEX IF NOT EXISTS "django_admin_log_content_type_id_c4bce8eb" ON "django_admin_log" ("content_type_id");
CREATE INDEX IF NOT EXISTS "django_admin_log_user_id_c564eba6" ON "django_admin_log" ("user_id");
CREATE UNIQUE INDEX "django_content_type_app_label_model_76bd3d3b_uniq" ON "django_content_type" ("app_label", "model");
CREATE UNIQUE INDEX "auth_permission_content_type_id_codename_01ab375a_uniq" ON "auth_permission" ("content_type_id", "codename");
CREATE INDEX IF NOT EXISTS "auth_permission_content_type_id_2f476e4b" ON "auth_permission" ("content_type_id");
CREATE INDEX IF NOT EXISTS "django_session_expire_date_a5c62663" ON "django_session" ("expire_date");
CREATE INDEX IF NOT EXISTS "item_item_category_id_7971a411" ON "item_item" ("category_id");
CREATE INDEX IF NOT EXISTS "item_item_created_by_id_abf41b7a" ON "item_item" ("created_by_id");
CREATE UNIQUE INDEX "cart_invoice_items_invoice_id_item_id_52c65eb2_uniq" ON "cart_invoice_items" ("invoice_id", "item_id");
CREATE INDEX IF NOT EXISTS "cart_invoice_items_invoice_id_2d01b4dc" ON "cart_invoice_items" ("invoice_id");
CREATE INDEX IF NOT EXISTS "cart_invoice_items_item_id_4352cbdb" ON "cart_invoice_items" ("item_id");
CREATE INDEX IF NOT EXISTS "django_apscheduler_djangojob_next_run_time_2f022619" ON "django_apscheduler_djangojob" ("next_run_time");
CREATE INDEX IF NOT EXISTS "django_apscheduler_djangojobexecution_run_time_16edd96b" ON "django_apscheduler_djangojobexecution" ("run_time");
CREATE INDEX IF NOT EXISTS "django_apscheduler_djangojobexecution_job_id_daf5090a" ON "django_apscheduler_djangojobexecution" ("job_id");
CREATE TABLE IF NOT EXISTS "cart_invoice" ("id" integer NOT NULL PRIMARY KEY AUTOINCREMENT, "quantities" text NOT NULL CHECK ((JSON_VALID("quantities") OR "quantities" IS NULL)), "total_price" decimal NOT NULL, "created_at" datetime NOT NULL);
INSERT INTO "cart_invoice" VALUES(1,'{"7": 4}',80,'2023-12-18 15:00:26.263027');
INSERT INTO "cart_invoice" VALUES(2,'{"7": 4}',80,'2023-12-18 15:00:27.102936');
INSERT INTO "cart_invoice" VALUES(3,'{"7": 4}',80,'2023-12-18 15:01:45.713451');
INSERT INTO "cart_invoice" VALUES(4,'{"7": 4}',80,'2023-12-18 15:01:46.451773');
INSERT INTO "cart_invoice" VALUES(5,'{"7": 4}',80,'2023-12-18 15:01:46.623094');
INSERT INTO "cart_invoice" VALUES(6,'{"7": 4}',80,'2023-12-18 15:02:14.888865');
INSERT INTO "cart_invoice" VALUES(7,'{"7": 3, "3": 4}',108,'2023-12-18 15:03:53.060807');
INSERT INTO "cart_invoice" VALUES(8,'{"7": 2}',40,'2023-12-18 15:11:54.478796');
INSERT INTO "cart_invoice" VALUES(9,'{"12": 3}',300,'2023-12-18 15:13:18.652179');
INSERT INTO "cart_invoice" VALUES(10,'{"12": 3}',300,'2023-12-18 15:13:56.746297');
INSERT INTO "cart_invoice" VALUES(11,'{"12": 3}',300,'2023-12-18 15:14:22.310390');
INSERT INTO "cart_invoice" VALUES(12,'{"7": 2}',40,'2023-12-18 15:14:37.250536');
INSERT INTO "cart_invoice" VALUES(13,'{"7": 3}',60,'2023-12-20 14:30:12.301594');
INSERT INTO "cart_invoice" VALUES(14,'{"7": 3, "3": 3}',96,'2023-12-20 14:30:35.383599');
CREATE UNIQUE INDEX "auth_group_permissions_group_id_permission_id_0cd325b0_uniq" ON "auth_group_permissions" ("group_id", "permission_id");
CREATE INDEX IF NOT EXISTS "auth_group_permissions_group_id_b120cbf9" ON "auth_group_permissions" ("group_id");
CREATE INDEX IF NOT EXISTS "auth_group_permissions_permission_id_84c5c92e" ON "auth_group_permissions" ("permission_id");
CREATE UNIQUE INDEX "auth_user_groups_user_id_group_id_94350c0c_uniq" ON "auth_user_groups" ("user_id", "group_id");
CREATE INDEX IF NOT EXISTS "auth_user_groups_user_id_6a12ed8b" ON "auth_user_groups" ("user_id");
CREATE INDEX IF NOT EXISTS "auth_user_groups_group_id_97559544" ON "auth_user_groups" ("group_id");
CREATE UNIQUE INDEX "auth_user_user_permissions_user_id_permission_id_14a6b632_uniq" ON "auth_user_user_permissions" ("user_id", "permission_id");
CREATE INDEX IF NOT EXISTS "auth_user_user_permissions_user_id_a95ead1b" ON "auth_user_user_permissions" ("user_id");
CREATE INDEX IF NOT EXISTS "auth_user_user_permissions_permission_id_1fbb5f2c" ON "auth_user_user_permissions" ("permission_id");
CREATE INDEX IF NOT EXISTS "django_admin_log_content_type_id_c4bce8eb" ON "django_admin_log" ("content_type_id");
CREATE INDEX IF NOT EXISTS "django_admin_log_user_id_c564eba6" ON "django_admin_log" ("user_id");
CREATE UNIQUE INDEX "django_content_type_app_label_model_76bd3d3b_uniq" ON "django_content_type" ("app_label", "model");
CREATE UNIQUE INDEX "auth_permission_content_type_id_codename_01ab375a_uniq" ON "auth_permission" ("content_type_id", "codename");
CREATE INDEX IF NOT EXISTS "auth_permission_content_type_id_2f476e4b" ON "auth_permission" ("content_type_id");
CREATE INDEX IF NOT EXISTS "django_session_expire_date_a5c62663" ON "django_session" ("expire_date");
CREATE INDEX IF NOT EXISTS "item_item_category_id_7971a411" ON "item_item" ("category_id");
CREATE INDEX IF NOT EXISTS "item_item_created_by_id_abf41b7a" ON "item_item" ("created_by_id");
CREATE UNIQUE INDEX "cart_invoice_items_invoice_id_item_id_52c65eb2_uniq" ON "cart_invoice_items" ("invoice_id", "item_id");
CREATE INDEX IF NOT EXISTS "cart_invoice_items_invoice_id_2d01b4dc" ON "cart_invoice_items" ("invoice_id");
CREATE INDEX IF NOT EXISTS "cart_invoice_items_item_id_4352cbdb" ON "cart_invoice_items" ("item_id");
CREATE INDEX IF NOT EXISTS "django_apscheduler_djangojob_next_run_time_2f022619" ON "django_apscheduler_djangojob" ("next_run_time");
CREATE INDEX IF NOT EXISTS "django_apscheduler_djangojobexecution_run_time_16edd96b" ON "django_apscheduler_djangojobexecution" ("run_time");
CREATE INDEX IF NOT EXISTS "django_apscheduler_djangojobexecution_job_id_daf5090a" ON "django_apscheduler_djangojobexecution" ("job_id");
CREATE TABLE IF NOT EXISTS "cart_invoice_items" ("id" integer NOT NULL PRIMARY KEY AUTOINCREMENT, "invoice_id" bigint NOT NULL REFERENCES "cart_invoice" ("id") DEFERRABLE INITIALLY DEFERRED, "item_id" bigint NOT NULL REFERENCES "item_item" ("id") DEFERRABLE INITIALLY DEFERRED);
INSERT INTO "cart_invoice_items" VALUES(1,1,7);
INSERT INTO "cart_invoice_items" VALUES(2,2,7);
INSERT INTO "cart_invoice_items" VALUES(3,3,7);
INSERT INTO "cart_invoice_items" VALUES(4,4,7);
INSERT INTO "cart_invoice_items" VALUES(5,5,7);
INSERT INTO "cart_invoice_items" VALUES(6,6,7);
INSERT INTO "cart_invoice_items" VALUES(7,7,3);
INSERT INTO "cart_invoice_items" VALUES(8,7,7);
INSERT INTO "cart_invoice_items" VALUES(9,8,7);
INSERT INTO "cart_invoice_items" VALUES(10,9,12);
INSERT INTO "cart_invoice_items" VALUES(11,10,12);
INSERT INTO "cart_invoice_items" VALUES(12,11,12);
INSERT INTO "cart_invoice_items" VALUES(13,12,7);
INSERT INTO "cart_invoice_items" VALUES(14,13,7);
INSERT INTO "cart_invoice_items" VALUES(15,14,3);
INSERT INTO "cart_invoice_items" VALUES(16,14,7);
CREATE UNIQUE INDEX "auth_group_permissions_group_id_permission_id_0cd325b0_uniq" ON "auth_group_permissions" ("group_id", "permission_id");
CREATE INDEX IF NOT EXISTS "auth_group_permissions_group_id_b120cbf9" ON "auth_group_permissions" ("group_id");
CREATE INDEX IF NOT EXISTS "auth_group_permissions_permission_id_84c5c92e" ON "auth_group_permissions" ("permission_id");
CREATE UNIQUE INDEX "auth_user_groups_user_id_group_id_94350c0c_uniq" ON "auth_user_groups" ("user_id", "group_id");
CREATE INDEX IF NOT EXISTS "auth_user_groups_user_id_6a12ed8b" ON "auth_user_groups" ("user_id");
CREATE INDEX IF NOT EXISTS "auth_user_groups_group_id_97559544" ON "auth_user_groups" ("group_id");
CREATE UNIQUE INDEX "auth_user_user_permissions_user_id_permission_id_14a6b632_uniq" ON "auth_user_user_permissions" ("user_id", "permission_id");
CREATE INDEX IF NOT EXISTS "auth_user_user_permissions_user_id_a95ead1b" ON "auth_user_user_permissions" ("user_id");
CREATE INDEX IF NOT EXISTS "auth_user_user_permissions_permission_id_1fbb5f2c" ON "auth_user_user_permissions" ("permission_id");
CREATE INDEX IF NOT EXISTS "django_admin_log_content_type_id_c4bce8eb" ON "django_admin_log" ("content_type_id");
CREATE INDEX IF NOT EXISTS "django_admin_log_user_id_c564eba6" ON "django_admin_log" ("user_id");
CREATE UNIQUE INDEX "django_content_type_app_label_model_76bd3d3b_uniq" ON "django_content_type" ("app_label", "model");
CREATE UNIQUE INDEX "auth_permission_content_type_id_codename_01ab375a_uniq" ON "auth_permission" ("content_type_id", "codename");
CREATE INDEX IF NOT EXISTS "auth_permission_content_type_id_2f476e4b" ON "auth_permission" ("content_type_id");
CREATE INDEX IF NOT EXISTS "django_session_expire_date_a5c62663" ON "django_session" ("expire_date");
CREATE INDEX IF NOT EXISTS "item_item_category_id_7971a411" ON "item_item" ("category_id");
CREATE INDEX IF NOT EXISTS "item_item_created_by_id_abf41b7a" ON "item_item" ("created_by_id");
CREATE UNIQUE INDEX "cart_invoice_items_invoice_id_item_id_52c65eb2_uniq" ON "cart_invoice_items" ("invoice_id", "item_id");
CREATE INDEX IF NOT EXISTS "cart_invoice_items_invoice_id_2d01b4dc" ON "cart_invoice_items" ("invoice_id");
CREATE INDEX IF NOT EXISTS "cart_invoice_items_item_id_4352cbdb" ON "cart_invoice_items" ("item_id");
CREATE INDEX IF NOT EXISTS "django_apscheduler_djangojob_next_run_time_2f022619" ON "django_apscheduler_djangojob" ("next_run_time");
CREATE INDEX IF NOT EXISTS "django_apscheduler_djangojobexecution_run_time_16edd96b" ON "django_apscheduler_djangojobexecution" ("run_time");
CREATE INDEX IF NOT EXISTS "django_apscheduler_djangojobexecution_job_id_daf5090a" ON "django_apscheduler_djangojobexecution" ("job_id");
CREATE TABLE IF NOT EXISTS "django_admin_log" ("id" integer NOT NULL PRIMARY KEY AUTOINCREMENT, "object_id" text NULL, "object_repr" varchar(200) NOT NULL, "action_flag" smallint unsigned NOT NULL CHECK ("action_flag" >= 0), "change_message" text NOT NULL, "content_type_id" integer NULL REFERENCES "django_content_type" ("id") DEFERRABLE INITIALLY DEFERRED, "user_id" integer NOT NULL REFERENCES "auth_user" ("id") DEFERRABLE INITIALLY DEFERRED, "action_time" datetime NOT NULL);
INSERT INTO "django_admin_log" VALUES(1,'1','Category object (1)',1,'[{"added": {}}]',7,1,'2023-12-06 12:26:01.517036');
INSERT INTO "django_admin_log" VALUES(2,'2','Category object (2)',1,'[{"added": {}}]',7,1,'2023-12-06 12:26:17.397770');
INSERT INTO "django_admin_log" VALUES(3,'3','Category object (3)',1,'[{"added": {}}]',7,1,'2023-12-06 12:26:24.842210');
INSERT INTO "django_admin_log" VALUES(4,'4','Category object (4)',1,'[{"added": {}}]',7,1,'2023-12-06 12:26:30.824337');
INSERT INTO "django_admin_log" VALUES(5,'5','Category object (5)',1,'[{"added": {}}]',7,1,'2023-12-06 12:26:39.447163');
INSERT INTO "django_admin_log" VALUES(6,'6','Category object (6)',1,'[{"added": {}}]',7,1,'2023-12-06 12:26:46.124358');
INSERT INTO "django_admin_log" VALUES(7,'7','Category object (7)',1,'[{"added": {}}]',7,1,'2023-12-06 12:26:51.987462');
INSERT INTO "django_admin_log" VALUES(8,'8','Category object (8)',1,'[{"added": {}}]',7,1,'2023-12-06 12:26:57.087922');
INSERT INTO "django_admin_log" VALUES(9,'1','Item object (1)',1,'[{"added": {}}]',8,1,'2023-12-06 12:53:42.812218');
INSERT INTO "django_admin_log" VALUES(10,'2','Item object (2)',1,'[{"added": {}}]',8,1,'2023-12-06 12:56:58.228973');
INSERT INTO "django_admin_log" VALUES(11,'2','Whole Lotta Red',2,'[{"changed": {"fields": ["Made by"]}}]',8,1,'2023-12-06 13:06:40.877851');
INSERT INTO "django_admin_log" VALUES(12,'1','A Great Chaos',2,'[{"changed": {"fields": ["Made by"]}}]',8,1,'2023-12-06 13:06:46.712308');
INSERT INTO "django_admin_log" VALUES(13,'3','TEC',1,'[{"added": {}}]',8,1,'2023-12-06 13:30:01.215867');
INSERT INTO "django_admin_log" VALUES(14,'4','Goodbye & Good Riddance',1,'[{"added": {}}]',8,1,'2023-12-06 13:38:39.062895');
INSERT INTO "django_admin_log" VALUES(15,'4','Goodbye & Good Riddance',3,'',8,1,'2023-12-06 13:38:59.739382');
INSERT INTO "django_admin_log" VALUES(16,'10','python',3,'',8,1,'2023-12-12 10:13:15.420048');
INSERT INTO "django_admin_log" VALUES(17,'9','python',3,'',8,1,'2023-12-12 10:13:19.315032');
INSERT INTO "django_admin_log" VALUES(18,'8','python',3,'',8,1,'2023-12-12 10:13:22.519015');
CREATE UNIQUE INDEX "auth_group_permissions_group_id_permission_id_0cd325b0_uniq" ON "auth_group_permissions" ("group_id", "permission_id");
CREATE INDEX IF NOT EXISTS "auth_group_permissions_group_id_b120cbf9" ON "auth_group_permissions" ("group_id");
CREATE INDEX IF NOT EXISTS "auth_group_permissions_permission_id_84c5c92e" ON "auth_group_permissions" ("permission_id");
CREATE UNIQUE INDEX "auth_user_groups_user_id_group_id_94350c0c_uniq" ON "auth_user_groups" ("user_id", "group_id");
CREATE INDEX IF NOT EXISTS "auth_user_groups_user_id_6a12ed8b" ON "auth_user_groups" ("user_id");
CREATE INDEX IF NOT EXISTS "auth_user_groups_group_id_97559544" ON "auth_user_groups" ("group_id");
CREATE UNIQUE INDEX "auth_user_user_permissions_user_id_permission_id_14a6b632_uniq" ON "auth_user_user_permissions" ("user_id", "permission_id");
CREATE INDEX IF NOT EXISTS "auth_user_user_permissions_user_id_a95ead1b" ON "auth_user_user_permissions" ("user_id");
CREATE INDEX IF NOT EXISTS "auth_user_user_permissions_permission_id_1fbb5f2c" ON "auth_user_user_permissions" ("permission_id");
CREATE INDEX IF NOT EXISTS "django_admin_log_content_type_id_c4bce8eb" ON "django_admin_log" ("content_type_id");
CREATE INDEX IF NOT EXISTS "django_admin_log_user_id_c564eba6" ON "django_admin_log" ("user_id");
CREATE UNIQUE INDEX "django_content_type_app_label_model_76bd3d3b_uniq" ON "django_content_type" ("app_label", "model");
CREATE UNIQUE INDEX "auth_permission_content_type_id_codename_01ab375a_uniq" ON "auth_permission" ("content_type_id", "codename");
CREATE INDEX IF NOT EXISTS "auth_permission_content_type_id_2f476e4b" ON "auth_permission" ("content_type_id");
CREATE INDEX IF NOT EXISTS "django_session_expire_date_a5c62663" ON "django_session" ("expire_date");
CREATE INDEX IF NOT EXISTS "item_item_category_id_7971a411" ON "item_item" ("category_id");
CREATE INDEX IF NOT EXISTS "item_item_created_by_id_abf41b7a" ON "item_item" ("created_by_id");
CREATE UNIQUE INDEX "cart_invoice_items_invoice_id_item_id_52c65eb2_uniq" ON "cart_invoice_items" ("invoice_id", "item_id");
CREATE INDEX IF NOT EXISTS "cart_invoice_items_invoice_id_2d01b4dc" ON "cart_invoice_items" ("invoice_id");
CREATE INDEX IF NOT EXISTS "cart_invoice_items_item_id_4352cbdb" ON "cart_invoice_items" ("item_id");
CREATE INDEX IF NOT EXISTS "django_apscheduler_djangojob_next_run_time_2f022619" ON "django_apscheduler_djangojob" ("next_run_time");
CREATE INDEX IF NOT EXISTS "django_apscheduler_djangojobexecution_run_time_16edd96b" ON "django_apscheduler_djangojobexecution" ("run_time");
CREATE INDEX IF NOT EXISTS "django_apscheduler_djangojobexecution_job_id_daf5090a" ON "django_apscheduler_djangojobexecution" ("job_id");
CREATE TABLE IF NOT EXISTS "django_apscheduler_djangojob" ("id" varchar(255) NOT NULL PRIMARY KEY, "next_run_time" datetime NULL, "job_state" BLOB NOT NULL);
CREATE UNIQUE INDEX "auth_group_permissions_group_id_permission_id_0cd325b0_uniq" ON "auth_group_permissions" ("group_id", "permission_id");
CREATE INDEX IF NOT EXISTS "auth_group_permissions_group_id_b120cbf9" ON "auth_group_permissions" ("group_id");
CREATE INDEX IF NOT EXISTS "auth_group_permissions_permission_id_84c5c92e" ON "auth_group_permissions" ("permission_id");
CREATE UNIQUE INDEX "auth_user_groups_user_id_group_id_94350c0c_uniq" ON "auth_user_groups" ("user_id", "group_id");
CREATE INDEX IF NOT EXISTS "auth_user_groups_user_id_6a12ed8b" ON "auth_user_groups" ("user_id");
CREATE INDEX IF NOT EXISTS "auth_user_groups_group_id_97559544" ON "auth_user_groups" ("group_id");
CREATE UNIQUE INDEX "auth_user_user_permissions_user_id_permission_id_14a6b632_uniq" ON "auth_user_user_permissions" ("user_id", "permission_id");
CREATE INDEX IF NOT EXISTS "auth_user_user_permissions_user_id_a95ead1b" ON "auth_user_user_permissions" ("user_id");
CREATE INDEX IF NOT EXISTS "auth_user_user_permissions_permission_id_1fbb5f2c" ON "auth_user_user_permissions" ("permission_id");
CREATE INDEX IF NOT EXISTS "django_admin_log_content_type_id_c4bce8eb" ON "django_admin_log" ("content_type_id");
CREATE INDEX IF NOT EXISTS "django_admin_log_user_id_c564eba6" ON "django_admin_log" ("user_id");
CREATE UNIQUE INDEX "django_content_type_app_label_model_76bd3d3b_uniq" ON "django_content_type" ("app_label", "model");
CREATE UNIQUE INDEX "auth_permission_content_type_id_codename_01ab375a_uniq" ON "auth_permission" ("content_type_id", "codename");
CREATE INDEX IF NOT EXISTS "auth_permission_content_type_id_2f476e4b" ON "auth_permission" ("content_type_id");
CREATE INDEX IF NOT EXISTS "django_session_expire_date_a5c62663" ON "django_session" ("expire_date");
CREATE INDEX IF NOT EXISTS "item_item_category_id_7971a411" ON "item_item" ("category_id");
CREATE INDEX IF NOT EXISTS "item_item_created_by_id_abf41b7a" ON "item_item" ("created_by_id");
CREATE UNIQUE INDEX "cart_invoice_items_invoice_id_item_id_52c65eb2_uniq" ON "cart_invoice_items" ("invoice_id", "item_id");
CREATE INDEX IF NOT EXISTS "cart_invoice_items_invoice_id_2d01b4dc" ON "cart_invoice_items" ("invoice_id");
CREATE INDEX IF NOT EXISTS "cart_invoice_items_item_id_4352cbdb" ON "cart_invoice_items" ("item_id");
CREATE INDEX IF NOT EXISTS "django_apscheduler_djangojob_next_run_time_2f022619" ON "django_apscheduler_djangojob" ("next_run_time");
CREATE INDEX IF NOT EXISTS "django_apscheduler_djangojobexecution_run_time_16edd96b" ON "django_apscheduler_djangojobexecution" ("run_time");
CREATE INDEX IF NOT EXISTS "django_apscheduler_djangojobexecution_job_id_daf5090a" ON "django_apscheduler_djangojobexecution" ("job_id");
CREATE TABLE IF NOT EXISTS "django_apscheduler_djangojobexecution" ("id" integer NOT NULL PRIMARY KEY AUTOINCREMENT, "status" varchar(50) NOT NULL, "run_time" datetime NOT NULL, "duration" decimal NULL, "finished" decimal NULL, "exception" varchar(1000) NULL, "traceback" text NULL, "job_id" varchar(255) NOT NULL REFERENCES "django_apscheduler_djangojob" ("id") DEFERRABLE INITIALLY DEFERRED, CONSTRAINT "unique_job_executions" UNIQUE ("job_id", "run_time"));
CREATE UNIQUE INDEX "auth_group_permissions_group_id_permission_id_0cd325b0_uniq" ON "auth_group_permissions" ("group_id", "permission_id");
CREATE INDEX IF NOT EXISTS "auth_group_permissions_group_id_b120cbf9" ON "auth_group_permissions" ("group_id");
CREATE INDEX IF NOT EXISTS "auth_group_permissions_permission_id_84c5c92e" ON "auth_group_permissions" ("permission_id");
CREATE UNIQUE INDEX "auth_user_groups_user_id_group_id_94350c0c_uniq" ON "auth_user_groups" ("user_id", "group_id");
CREATE INDEX IF NOT EXISTS "auth_user_groups_user_id_6a12ed8b" ON "auth_user_groups" ("user_id");
CREATE INDEX IF NOT EXISTS "auth_user_groups_group_id_97559544" ON "auth_user_groups" ("group_id");
CREATE UNIQUE INDEX "auth_user_user_permissions_user_id_permission_id_14a6b632_uniq" ON "auth_user_user_permissions" ("user_id", "permission_id");
CREATE INDEX IF NOT EXISTS "auth_user_user_permissions_user_id_a95ead1b" ON "auth_user_user_permissions" ("user_id");
CREATE INDEX IF NOT EXISTS "auth_user_user_permissions_permission_id_1fbb5f2c" ON "auth_user_user_permissions" ("permission_id");
CREATE INDEX IF NOT EXISTS "django_admin_log_content_type_id_c4bce8eb" ON "django_admin_log" ("content_type_id");
CREATE INDEX IF NOT EXISTS "django_admin_log_user_id_c564eba6" ON "django_admin_log" ("user_id");
CREATE UNIQUE INDEX "django_content_type_app_label_model_76bd3d3b_uniq" ON "django_content_type" ("app_label", "model");
CREATE UNIQUE INDEX "auth_permission_content_type_id_codename_01ab375a_uniq" ON "auth_permission" ("content_type_id", "codename");
CREATE INDEX IF NOT EXISTS "auth_permission_content_type_id_2f476e4b" ON "auth_permission" ("content_type_id");
CREATE INDEX IF NOT EXISTS "django_session_expire_date_a5c62663" ON "django_session" ("expire_date");
CREATE INDEX IF NOT EXISTS "item_item_category_id_7971a411" ON "item_item" ("category_id");
CREATE INDEX IF NOT EXISTS "item_item_created_by_id_abf41b7a" ON "item_item" ("created_by_id");
CREATE UNIQUE INDEX "cart_invoice_items_invoice_id_item_id_52c65eb2_uniq" ON "cart_invoice_items" ("invoice_id", "item_id");
CREATE INDEX IF NOT EXISTS "cart_invoice_items_invoice_id_2d01b4dc" ON "cart_invoice_items" ("invoice_id");
CREATE INDEX IF NOT EXISTS "cart_invoice_items_item_id_4352cbdb" ON "cart_invoice_items" ("item_id");
CREATE INDEX IF NOT EXISTS "django_apscheduler_djangojob_next_run_time_2f022619" ON "django_apscheduler_djangojob" ("next_run_time");
CREATE INDEX IF NOT EXISTS "django_apscheduler_djangojobexecution_run_time_16edd96b" ON "django_apscheduler_djangojobexecution" ("run_time");
CREATE INDEX IF NOT EXISTS "django_apscheduler_djangojobexecution_job_id_daf5090a" ON "django_apscheduler_djangojobexecution" ("job_id");
CREATE TABLE IF NOT EXISTS "django_content_type" ("id" integer NOT NULL PRIMARY KEY AUTOINCREMENT, "app_label" varchar(100) NOT NULL, "model" varchar(100) NOT NULL);
INSERT INTO "django_content_type" VALUES(1,'admin','logentry');
INSERT INTO "django_content_type" VALUES(2,'auth','permission');
INSERT INTO "django_content_type" VALUES(3,'auth','group');
INSERT INTO "django_content_type" VALUES(4,'auth','user');
INSERT INTO "django_content_type" VALUES(5,'contenttypes','contenttype');
INSERT INTO "django_content_type" VALUES(6,'sessions','session');
INSERT INTO "django_content_type" VALUES(7,'item','category');
INSERT INTO "django_content_type" VALUES(8,'item','item');
INSERT INTO "django_content_type" VALUES(9,'cart','invoice');
INSERT INTO "django_content_type" VALUES(10,'django_apscheduler','djangojob');
INSERT INTO "django_content_type" VALUES(11,'django_apscheduler','djangojobexecution');
CREATE UNIQUE INDEX "auth_group_permissions_group_id_permission_id_0cd325b0_uniq" ON "auth_group_permissions" ("group_id", "permission_id");
CREATE INDEX IF NOT EXISTS "auth_group_permissions_group_id_b120cbf9" ON "auth_group_permissions" ("group_id");
CREATE INDEX IF NOT EXISTS "auth_group_permissions_permission_id_84c5c92e" ON "auth_group_permissions" ("permission_id");
CREATE UNIQUE INDEX "auth_user_groups_user_id_group_id_94350c0c_uniq" ON "auth_user_groups" ("user_id", "group_id");
CREATE INDEX IF NOT EXISTS "auth_user_groups_user_id_6a12ed8b" ON "auth_user_groups" ("user_id");
CREATE INDEX IF NOT EXISTS "auth_user_groups_group_id_97559544" ON "auth_user_groups" ("group_id");
CREATE UNIQUE INDEX "auth_user_user_permissions_user_id_permission_id_14a6b632_uniq" ON "auth_user_user_permissions" ("user_id", "permission_id");
CREATE INDEX IF NOT EXISTS "auth_user_user_permissions_user_id_a95ead1b" ON "auth_user_user_permissions" ("user_id");
CREATE INDEX IF NOT EXISTS "auth_user_user_permissions_permission_id_1fbb5f2c" ON "auth_user_user_permissions" ("permission_id");
CREATE INDEX IF NOT EXISTS "django_admin_log_content_type_id_c4bce8eb" ON "django_admin_log" ("content_type_id");
CREATE INDEX IF NOT EXISTS "django_admin_log_user_id_c564eba6" ON "django_admin_log" ("user_id");
CREATE UNIQUE INDEX "django_content_type_app_label_model_76bd3d3b_uniq" ON "django_content_type" ("app_label", "model");
CREATE UNIQUE INDEX "auth_permission_content_type_id_codename_01ab375a_uniq" ON "auth_permission" ("content_type_id", "codename");
CREATE INDEX IF NOT EXISTS "auth_permission_content_type_id_2f476e4b" ON "auth_permission" ("content_type_id");
CREATE INDEX IF NOT EXISTS "django_session_expire_date_a5c62663" ON "django_session" ("expire_date");
CREATE INDEX IF NOT EXISTS "item_item_category_id_7971a411" ON "item_item" ("category_id");
CREATE INDEX IF NOT EXISTS "item_item_created_by_id_abf41b7a" ON "item_item" ("created_by_id");
CREATE UNIQUE INDEX "cart_invoice_items_invoice_id_item_id_52c65eb2_uniq" ON "cart_invoice_items" ("invoice_id", "item_id");
CREATE INDEX IF NOT EXISTS "cart_invoice_items_invoice_id_2d01b4dc" ON "cart_invoice_items" ("invoice_id");
CREATE INDEX IF NOT EXISTS "cart_invoice_items_item_id_4352cbdb" ON "cart_invoice_items" ("item_id");
CREATE INDEX IF NOT EXISTS "django_apscheduler_djangojob_next_run_time_2f022619" ON "django_apscheduler_djangojob" ("next_run_time");
CREATE INDEX IF NOT EXISTS "django_apscheduler_djangojobexecution_run_time_16edd96b" ON "django_apscheduler_djangojobexecution" ("run_time");
CREATE INDEX IF NOT EXISTS "django_apscheduler_djangojobexecution_job_id_daf5090a" ON "django_apscheduler_djangojobexecution" ("job_id");
CREATE TABLE IF NOT EXISTS "django_migrations" ("id" integer NOT NULL PRIMARY KEY AUTOINCREMENT, "app" varchar(255) NOT NULL, "name" varchar(255) NOT NULL, "applied" datetime NOT NULL);
INSERT INTO "django_migrations" VALUES(1,'contenttypes','0001_initial','2023-12-06 12:17:44.927124');
INSERT INTO "django_migrations" VALUES(2,'auth','0001_initial','2023-12-06 12:17:44.957610');
INSERT INTO "django_migrations" VALUES(3,'admin','0001_initial','2023-12-06 12:17:44.980952');
INSERT INTO "django_migrations" VALUES(4,'admin','0002_logentry_remove_auto_add','2023-12-06 12:17:44.998596');
INSERT INTO "django_migrations" VALUES(5,'admin','0003_logentry_add_action_flag_choices','2023-12-06 12:17:45.011470');
INSERT INTO "django_migrations" VALUES(6,'contenttypes','0002_remove_content_type_name','2023-12-06 12:17:45.033383');
INSERT INTO "django_migrations" VALUES(7,'auth','0002_alter_permission_name_max_length','2023-12-06 12:17:45.052334');
INSERT INTO "django_migrations" VALUES(8,'auth','0003_alter_user_email_max_length','2023-12-06 12:17:45.069519');
INSERT INTO "django_migrations" VALUES(9,'auth','0004_alter_user_username_opts','2023-12-06 12:17:45.081763');
INSERT INTO "django_migrations" VALUES(10,'auth','0005_alter_user_last_login_null','2023-12-06 12:17:45.099281');
INSERT INTO "django_migrations" VALUES(11,'auth','0006_require_contenttypes_0002','2023-12-06 12:17:45.108343');
INSERT INTO "django_migrations" VALUES(12,'auth','0007_alter_validators_add_error_messages','2023-12-06 12:17:45.121937');
INSERT INTO "django_migrations" VALUES(13,'auth','0008_alter_user_username_max_length','2023-12-06 12:17:45.137542');
INSERT INTO "django_migrations" VALUES(14,'auth','0009_alter_user_last_name_max_length','2023-12-06 12:17:45.153513');
INSERT INTO "django_migrations" VALUES(15,'auth','0010_alter_group_name_max_length','2023-12-06 12:17:45.168668');
INSERT INTO "django_migrations" VALUES(16,'auth','0011_update_proxy_permissions','2023-12-06 12:17:45.185230');
INSERT INTO "django_migrations" VALUES(17,'auth','0012_alter_user_first_name_max_length','2023-12-06 12:17:45.200783');
INSERT INTO "django_migrations" VALUES(18,'item','0001_initial','2023-12-06 12:17:45.211799');
INSERT INTO "django_migrations" VALUES(19,'sessions','0001_initial','2023-12-06 12:17:45.231280');
INSERT INTO "django_migrations" VALUES(20,'item','0002_alter_category_options_item','2023-12-06 12:46:40.176427');
INSERT INTO "django_migrations" VALUES(21,'item','0003_item_made_by','2023-12-06 13:06:30.519062');
INSERT INTO "django_migrations" VALUES(22,'cart','0001_initial','2023-12-18 14:58:11.425616');
INSERT INTO "django_migrations" VALUES(23,'django_apscheduler','0001_initial','2023-12-20 14:26:56.174333');
INSERT INTO "django_migrations" VALUES(24,'django_apscheduler','0002_auto_20180412_0758','2023-12-20 14:26:56.190258');
INSERT INTO "django_migrations" VALUES(25,'django_apscheduler','0003_auto_20200716_1632','2023-12-20 14:26:56.210936');
INSERT INTO "django_migrations" VALUES(26,'django_apscheduler','0004_auto_20200717_1043','2023-12-20 14:26:56.231124');
INSERT INTO "django_migrations" VALUES(27,'django_apscheduler','0005_migrate_name_to_id','2023-12-20 14:26:56.251879');
INSERT INTO "django_migrations" VALUES(28,'django_apscheduler','0006_remove_djangojob_name','2023-12-20 14:26:56.266403');
INSERT INTO "django_migrations" VALUES(29,'django_apscheduler','0007_auto_20200717_1404','2023-12-20 14:26:56.283446');
INSERT INTO "django_migrations" VALUES(30,'django_apscheduler','0008_remove_djangojobexecution_started','2023-12-20 14:26:56.295030');
INSERT INTO "django_migrations" VALUES(31,'django_apscheduler','0009_djangojobexecution_unique_job_executions','2023-12-20 14:26:56.310082');
CREATE UNIQUE INDEX "auth_group_permissions_group_id_permission_id_0cd325b0_uniq" ON "auth_group_permissions" ("group_id", "permission_id");
CREATE INDEX IF NOT EXISTS "auth_group_permissions_group_id_b120cbf9" ON "auth_group_permissions" ("group_id");
CREATE INDEX IF NOT EXISTS "auth_group_permissions_permission_id_84c5c92e" ON "auth_group_permissions" ("permission_id");
CREATE UNIQUE INDEX "auth_user_groups_user_id_group_id_94350c0c_uniq" ON "auth_user_groups" ("user_id", "group_id");
CREATE INDEX IF NOT EXISTS "auth_user_groups_user_id_6a12ed8b" ON "auth_user_groups" ("user_id");
CREATE INDEX IF NOT EXISTS "auth_user_groups_group_id_97559544" ON "auth_user_groups" ("group_id");
CREATE UNIQUE INDEX "auth_user_user_permissions_user_id_permission_id_14a6b632_uniq" ON "auth_user_user_permissions" ("user_id", "permission_id");
CREATE INDEX IF NOT EXISTS "auth_user_user_permissions_user_id_a95ead1b" ON "auth_user_user_permissions" ("user_id");
CREATE INDEX IF NOT EXISTS "auth_user_user_permissions_permission_id_1fbb5f2c" ON "auth_user_user_permissions" ("permission_id");
CREATE INDEX IF NOT EXISTS "django_admin_log_content_type_id_c4bce8eb" ON "django_admin_log" ("content_type_id");
CREATE INDEX IF NOT EXISTS "django_admin_log_user_id_c564eba6" ON "django_admin_log" ("user_id");
CREATE UNIQUE INDEX "django_content_type_app_label_model_76bd3d3b_uniq" ON "django_content_type" ("app_label", "model");
CREATE UNIQUE INDEX "auth_permission_content_type_id_codename_01ab375a_uniq" ON "auth_permission" ("content_type_id", "codename");
CREATE INDEX IF NOT EXISTS "auth_permission_content_type_id_2f476e4b" ON "auth_permission" ("content_type_id");
CREATE INDEX IF NOT EXISTS "django_session_expire_date_a5c62663" ON "django_session" ("expire_date");
CREATE INDEX IF NOT EXISTS "item_item_category_id_7971a411" ON "item_item" ("category_id");
CREATE INDEX IF NOT EXISTS "item_item_created_by_id_abf41b7a" ON "item_item" ("created_by_id");
CREATE UNIQUE INDEX "cart_invoice_items_invoice_id_item_id_52c65eb2_uniq" ON "cart_invoice_items" ("invoice_id", "item_id");
CREATE INDEX IF NOT EXISTS "cart_invoice_items_invoice_id_2d01b4dc" ON "cart_invoice_items" ("invoice_id");
CREATE INDEX IF NOT EXISTS "cart_invoice_items_item_id_4352cbdb" ON "cart_invoice_items" ("item_id");
CREATE INDEX IF NOT EXISTS "django_apscheduler_djangojob_next_run_time_2f022619" ON "django_apscheduler_djangojob" ("next_run_time");
CREATE INDEX IF NOT EXISTS "django_apscheduler_djangojobexecution_run_time_16edd96b" ON "django_apscheduler_djangojobexecution" ("run_time");
CREATE INDEX IF NOT EXISTS "django_apscheduler_djangojobexecution_job_id_daf5090a" ON "django_apscheduler_djangojobexecution" ("job_id");
CREATE TABLE IF NOT EXISTS "django_session" ("session_key" varchar(40) NOT NULL PRIMARY KEY, "session_data" text NOT NULL, "expire_date" datetime NOT NULL);
INSERT INTO "django_session" VALUES('ju7x6j8ucq785uets2jocigbfhaofw25','.eJxVjEsOwiAUAO_C2hB-Utqle89AHo8XwRpISrswTe-uJF3odmYyO_OwrclvjRafI5uYZJdfFgBnKl3EJ5RH5VjLuuTAe8JP2_i9RnrdzvZvkKClviUahUYLKpgo5AhGSUIXrkBOG6MNDEZaiSpEkuCcRhisA9KWBGplv9NGreVa_ExvNu3H8QHIAj4F:1rDgyS:QWRMssKnd-HXT-0Ry0AT75Te4Cd-47EFKQvMHG8gwTI','2023-12-28 08:21:40.937871');
INSERT INTO "django_session" VALUES('4qldnalgsz529oth71p7q1hjunvo2zai','.eJxVjEEOwiAQAP_C2RBgV0o9evcNZFk2UjWQlPZk_Lsh6UGvM5N5q0j7VuLeZY1LVhdl1emXJeKn1CHyg-q9aW51W5ekR6IP2_WtZXldj_ZvUKiXsRWZDbAnlzAbOxM6KxzSmSQAIiBNaL1ll7JYCgGYJh9IwIthcF59vuAUN7c:1rBECC:7cQUYuCXB57S2g8XKFxXKgMH_7LbLcD59Qj8FUxtr28','2023-12-21 13:13:40.894377');
INSERT INTO "django_session" VALUES('99vw47kpt86qnjszjpejn5yq5mmfjnbl','.eJxVjEEOwiAQRe_C2pBCGQou3XsGMsOAVA0kpV0Z765NutDtf-_9lwi4rSVsPS1hZnEWRpx-N8L4SHUHfMd6azK2ui4zyV2RB-3y2jg9L4f7d1Cwl2_tiEDx6LTNnLLxcYAxg7eQDGqrlBl0BO-cMpwogiYN5KaIrNVE6I14fwDb1jem:1rBdsx:Ad0IVTGFUrz7_BB-SepVlEpyHgfFFzOVk4drT84EXws','2023-12-22 16:39:31.870049');
INSERT INTO "django_session" VALUES('z89y9v27n69wrisnnz5372nkv8si6d4d','.eJxVjEEOwiAQAP_C2RBgV0o9evcNZFk2UjWQlPZk_Lsh6UGvM5N5q0j7VuLeZY1LVhdl1emXJeKn1CHyg-q9aW51W5ekR6IP2_WtZXldj_ZvUKiXsRWZDbAnlzAbOxM6KxzSmSQAIiBNaL1ll7JYCgGYJh9IwIthcF59vuAUN7c:1rC2Ui:zeoD3UwW302I_nKHACXiKXKWvLKTtwzC56XhCoULpeI','2023-12-23 18:56:08.228999');
INSERT INTO "django_session" VALUES('hrg1rz23pxp30s4vdjj45vtb1z2qjx88','.eJxVjDsOwjAQBe_iGln2Jv5R0nMGa7324gBypDipEHeHSCmgfTPzXiLitta49bLEKYuzMOL0uyWkR2k7yHdst1nS3NZlSnJX5EG7vM65PC-H-3dQsddvjUPgXCw5cOQtJzDK2IBokmMwwXnyPLAuaAMUZZnGhKi9A7Aq69GJ9wfz8zfn:1rCzQm:YgdcFmhAMYAAtgOv_YGEKuMnSWRZ0Ah30ITVK-kldGw','2023-12-26 09:52:00.042387');
INSERT INTO "django_session" VALUES('ixt4b1afm00qnwz0ocyb3iq8rrq7qpmj','.eJxVjDsOwjAQRO_iGlmOfytT0nOGaNe7wQFkS_lUEXcnkVJAN5r3ZjbV47qUfp1l6kdWVxXV5bcjzC-pB-An1kfTudVlGkkfij7prO-N5X073b-DgnPZ14KUOmAKMgQS8hIFOkmW_J4hCQRjAdk4m52PlsEZGwPGBINhxKA-XwkCODU:1rCzeI:CYgOihUE6ZVz2W80zsDQPBOBvpZHjbL5FhPbxzfHyNo','2023-12-26 10:05:58.657098');
INSERT INTO "django_session" VALUES('z2s1j4r50czcqjwf2pn0oeyu7a069jzl','.eJxVjDsOwjAQRO_iGlmOfytT0nOGaNe7wQFkS_lUEXcnkVJAN5r3ZjbV47qUfp1l6kdWVxXV5bcjzC-pB-An1kfTudVlGkkfij7prO-N5X073b-DgnPZ14KUOmAKMgQS8hIFOkmW_J4hCQRjAdk4m52PlsEZGwPGBINhxKA-XwkCODU:1rCzjG:hvV9BO8SStMzS0a4KETeuLpr8TVaCQSwq1KqqOjYRAY','2023-12-26 10:11:06.008927');
INSERT INTO "django_session" VALUES('13k1d99dzzw56fd9jz1s7fljt1wcsfsn','.eJxVjDEOgzAMRe_iuYqSQBLSsXvPEBlsCqWCisBQIe5eojI0i4f33vcGkWPspzEM_IHrBiad99w3DFfQRkjYL6D-oZI_6LLyhDYrz3mRQZ3gQQOuSxfWyHPo6RAOMlZjM_CYBD1xfEyimcZl7muREnHaKO4T8et2ttmDDmOX1pJUYZmsVQ4Va0OayVe65NZoNGgkOkm29c5JX7ZcIaH32hV8JNoh7F9_wVkl:1rDj2o:XdjlhNXXEH5RXNsYaBkfAsCCAYhNkXdHIbxVr7GidMM','2023-12-28 10:34:18.549239');
INSERT INTO "django_session" VALUES('r1vnfm9g4hjkew93501omaib7b22km4h','.eJxVzLEOgyAQxvF3ubkhgALSsXufgZzeWa2NNqJDY3z3anUoC8Pv-x8LRI6xHfrQ8QeuC2T78x7biuEKSgsJ6wVUgvJA94_6RJuU5kCTlD_cNOA8NWGOPIaWtsFBYiVWHff7QE_sH4Oohn4a21LsiTjXKO4D8et2tskHDcZmv5akMstkrXKoWBvSTL7QOddGo0Ej0UmytXdO-rzmAgm91y7jLdEOYf0CfclZJQ:1rDjNL:-BJKAR8lxXU6hvdB3Qt0HKjvQxX6x4fFC7zfSA_k_ss','2023-12-28 10:55:31.704325');
INSERT INTO "django_session" VALUES('ibwocajlpkrcu3rlw3vg2nofw6j92esa','.eJxVjMEOgyAQRP9lzw1BKiAee-83kNVdK7WBRvTQGP-9knjxMod5b2aDzDmHFP3EP2g3sCW-c-gZWlBSSNj3G3hcl9GvmWcf6AAWLl2H_cSxAHpjfCXRp7jMoRNFESfN4pmIP4_TvRyMmMeyllTdDZMxlcWKlSbF5BpV86AVatQSrSQzOGulqwdukNA5Ze98KMoi7H-UpkNx:1rDjKa:fpwn3r-uYtnegoTUw66x6IXsaZJa1jKEM3AituE7cgc','2023-12-28 10:52:40.948317');
INSERT INTO "django_session" VALUES('lcf8eyydixvz9c7nst3xhpyutjzlxuof','.eJxVjDEOgzAMRe_iuYqSQBLSsXvPEBlsCqWCisBQIe5eojI0i4f33vcGkWPspzEM_IHrBiqd99w3DFdQUkjYL2D-oTY_6DJ4ljabn2WRQZ3gQQOuSxfWyHPo6RAOMlZjM_CYBD1xfEyimcZl7muREnHaKO4T8et2ttmDDmOX1pJUYZmsVQ4Va0OayVe65NZoNGgkOkm29c5JX7ZcIaH32hV8JNoh7F9-71kl:1rDjQb:wT1BtRSNl1_pCu01fWqP5LsJU66xKYI2nx4vNKCkJDg','2023-12-28 10:58:53.663990');
INSERT INTO "django_session" VALUES('sxxbxgaxqq4m5bhgmv5zyfrhmvshiaac','.eJxVjMEOgyAQRP9lzw0BFJAee-83kNVdK7XBRvTQGP-9knjxMod5b2aDzDnHKYWRf3DfoCrxnWPHcAelhYR9v0HAdRnCmnkOkQ7g4NK12I2cCqA3ptckuiktc2xFUcRJs3hOxJ_H6V4OBsxDWUtSlWWyVjlUrA1pJt_omnuj0aCR6CTZ3jsnfd1zg4Tea1fxoWiHsP8BklpDbg:1rDjUw:8fBV-OWdX_WRK0PEqeuaeFwz_WP63KHf0Zf3G2vlzQo','2023-12-28 11:03:22.865410');
INSERT INTO "django_session" VALUES('k3tjy75nbe1om0a052xpnc065klmiz6q','.eJxVjDEOgzAMRe_iuYqSQDDp2L1nQAabklJBRWCoEHcvURnK4uG9971ClBjDOFS9fOC6QpbOewqNwBWMVRq2C7h_aN0P4gnqBHda0TJ31RJlqgLvAuHEamp6GZLgJw2PUTXjME-hVilRh43qPrK8bkd7etBR7NJas8kK4aIwSEasYyvsS5tL6yw5cppQc9F6RO3zVkpi8t5iJntikWD7AqeCTk0:1rDl0j:YlD2E2IPQIBTUeiIAUBkhGN2dNPm6slScPGT3qeb1c4','2023-12-28 12:40:17.631759');
INSERT INTO "django_session" VALUES('qw2hfebvdz1o0lrxmadufazo3rg3wfzf','.eJxVzLEOgyAQxvF3ubkhgALSsXufwZzeWamNNqJDY3z3anUoC8Pv-x8LRI4xDH3Z8QeuC2T78x5DzXAFpYWE9QIqQXmg-UdtDrRJ-cNNS5yntpwjj2WgbXCQWIV1x_0-0BP7xyDqoZ_GUIk9EecaxX0gft3ONvmgxdju15JUZpmsVQ4Va0OayRc658ZoNGgkOkm28c5JnzdcIKH32mW8JdohrF9XxVO3:1rDmMN:pXCvyaPDhOfS7uAkKRkQvlCDet3A4qVGmbbWHSVU-XM','2023-12-28 14:06:43.783152');
INSERT INTO "django_session" VALUES('yd6umjbsvbaxrvtla0usihkm3qxq0gq0','.eJxVjLEOgyAURf_lzYYgCohj927dydP3LNYGEtGhMf57NXFxveecu0HmnMcU_cQ_aDew0MIrzMxQgIa22gvwuC7Br5lnP9KBLdy2DvuJ4wnog_GdRJ_iMo-dOBVx0Syeifj7uNzbQcAczlpSWRkmY0qLJStNisk1quZBK9SoJVpJZnDWSlcP3CChc8pWfCjKIux_mMFCMg:1rDqrK:VcjHN_RIuBjgXBos00j8wd9EtNL8M4AYbsLk1dgc8ss','2023-12-28 18:54:58.073331');
INSERT INTO "django_session" VALUES('edsbpzz8sgr8hmc23iquii4xfvr33khe','.eJxVjDEOgzAQBP9ydWTZDvZhyvR5g3VwRyBEtoShiBB_T5BoaHdmdoMipYw5xUm-0GxgoHH7DSKtyxDXInMcGRpAuGwtdZOkA_Cb0iurLqdlHlt1KOqkRT0zy-dxupeDgcpw1JrN3Qt7b5CMWMdWONS2kt5ZcuQ0oWbfB0Qdql5qYgrB4l3-ikWC_QcUGD8T:1rE2zc:vv6iHIVW7i7qUTzAbhFKrm7sTHeK_f563VwXdFiZkb4','2023-12-29 07:52:20.364921');
INSERT INTO "django_session" VALUES('lva87mpq7i5581sn2yjdnqs84du8sc55','eyJzZXNzaW9uX2tleSI6e319:1rE32u:-xDh0UhK_TmXpq5SzZ-GA-a3hJqvUvFVYEx7FobpqAU','2023-12-29 07:55:44.895570');
INSERT INTO "django_session" VALUES('rihbvi8ics89p6thtyjzbiqjb6guu5un','.eJxVjDEOgzAQBP9ydWQZg32YMj1vsA7uCITIljAUEeLvCRIN7c7M7pAl5ynFMMsXmh1KaOzxgEDbOoYtyxImhgYQbltH_SzxBPym-EqqT3Fdpk6dirpoVm1i-Twv93YwUh7PWnNROmHnCqRCjGUj7GtTyWANWbKaULMbPKL21SA1MXlvsJS_YpDg-AEVeD8V:1rEBZN:rf0ajSqk5R5eTvPzZREsY6KE7ojspj8uXKp16brplec','2023-12-29 17:01:49.817700');
INSERT INTO "django_session" VALUES('2ysx5h8w35eqi74k3r3q3wf88xe4f8ey','.eJxVjDEOgzAQBP9ydWQZg32YMj1vsA7uCITIljAUEeLvCRIN7c7M7pAl5ynFMMsXmv14QKBtHcOWZQkTQwMIt62jfpZ4An5TfCXVp7guU6dORV00qzaxfJ6XezsYKY9nrbkonbBzBVIhxrIR9rWpZLCGLFlNqNkNHlH7apCamLw3WMpfMUhw_ABZtz4v:1rEC3w:QZhyMaxTQ5ZAtZjbEYtAV6bBpFH4bUGRlpzoU97f6SE','2023-12-29 17:33:24.500579');
INSERT INTO "django_session" VALUES('dtvpetzigfykwla1czi4gbdcwy7qhdng','.eJxVjDEOgzAQBP9ydWQZg32YMj1vsA7uCITIljAUEeLvCRIN7c7M7pAl5ynFMMsXmv14QKBtHcOWZQkTQwMIt62jfpZ4An5TfCXVp7guU6dORV00qzaxfJ6XezsYKY9nrbkonbBzBVIhxrIR9rWpZLCGLFlNqNkNHlH7apCamLw3WMpfMUhw_ABZtz4v:1rEC5w:JmdRNd7hU2G5_R_7ciSmEdCvDZgyWX5ylxGbd_o2H-U','2023-12-29 17:35:28.771255');
INSERT INTO "django_session" VALUES('e6vct37hxlnftbiw2vgrs6s8ob0oyorc','.eJxVjMEOgyAQRP9lz4YACgjH3vsNZHXXattAInpojP9eTbx4nHlvZoPCpUw5xQ__IGzgIDQV1BB0BUofYa8g4rqMcS08x4kgHM6t67D_cDoBvTG9suhzWuapE6ciLlrEMxN_H5d7OxixjOdakqotk7XKoWJtSDP5Vjc8GI0GjUQnyQ7eOembgVsk9F67mg9FO4T9DxCpQWg:1rEolw:sE7n3Mudxl9hQt4X6CIz9A06VI-R_NZ74mZzJ_ggiEw','2023-12-31 10:53:24.359038');
INSERT INTO "django_session" VALUES('4kmybj9f65dncizl1rcm7almkxp11xbm','.eJxVjDEOgzAQBP9ydWQZg32YMj1vsA7uCITIljAUEeLvCRIN7c7M7pAl5ynFMMsXmv14QKBtHcOWZQkTQwMIt62jfpZ4An5TfCXVp7guU6dORV00qzaxfJ6XezsYKY9nrbkonbBzBVIhxrIR9rWpZLCGLFlNqNkNHlH7apCamLw3WMpfMUhw_ABZtz4v:1rFCSj:LK4vD0Ar0vyCBJfKX2_VMEpuIaYmRVhxLhpK8CAeqgQ','2024-01-01 12:11:09.584089');
INSERT INTO "django_session" VALUES('6eeg95riasfboqhbkgu4b51m8eqoxf3a','.eJxVjDEOgzAQBP9ydWQZg32YMj1vsA7uCITIljAUEeLvCRIN7c7M7pAl5ynFMMsXmv14QKBtHcOWZQkTQwMIt62jfpZ4An5TfCXVp7guU6dORV00qzaxfJ6XezsYKY9nrbkonbBzBVIhxrIR9rWpZLCGLFlNqNkNHlH7apCamLw3WMpfMUhw_ABZtz4v:1rFDkA:PZTqGKpFhQBCQpRMZDURxlgir-gDor1AypaQBqt2dF4','2024-01-01 13:33:14.984287');
INSERT INTO "django_session" VALUES('j4jreuils2tzfokbf3jmviu5lrousbq8','.eJxVjMsKgzAQAP9lzyWYR2P02LvfEDabpUktCRg9FPHfi-DF68wwOzRuLdfiZ_7BuB8P8LityW-NF58jjCDhxgLSzOUU8YPlXQXVsi45iDMRl21iqpG_r6u9DRK2dG6Zh06TRRVM7OSARkkmF57IThujDfZGWkkqRJbonCbsrUPWljvSysLxB1JTPgU:1rFDkG:kEkdq-SuuUaCXSQexRTQMwAR0M9psivhcXdiYfl2I-4','2024-01-01 13:33:20.583884');
INSERT INTO "django_session" VALUES('3fki4qktlz50m44vtph47o9rfbs6dryg','.eJxVjMEOgyAQBf9lz4YAuoAce-83EGCh2jaYiB4a479XEy9e38y8DWqqdZyK-6Qf2A2EBNs2IMCKBhRY3Btwfl0Gt9Y0u5HAgoHbFnz8pHICevvymlicyjKPgZ0Ku2hlz4nS93G5t4PB1-GoYzJSZY05aEJNHI3iouv7vkXCg0hpZBQmd5iyFjlgbH0mkRU3neacYP8D-hBA5A:1rFDnw:BcXcnVI8tL4nFRQaprRC4mZXZF84Fdl6XrjtH66xRC0','2024-01-01 13:37:08.167977');
INSERT INTO "django_session" VALUES('1stlhs0e591wzrvkhbhwk8e2cy2nxl1w','eyJzZXNzaW9uX2tleSI6e319:1rFDr7:FxDRR7US4gc-fBI71iYGNL8lAMJfXNPWUA_UC820HJo','2024-01-01 13:40:25.923003');
INSERT INTO "django_session" VALUES('cyndgbf5pzmjhhjl1n9wsdgu1odwd6vk','.eJxVjDEOgzAQBP9ydWQZg32YMn3eYB3cEQiRLWEoIsTfAxIN7czsbpAl5zHFMMkPmg0QGrM_INC6DGHNMoeRoTnwjbXUTRJPwR-K76S6FJd5bNWZqMtm9Uos3-fV3g4GysO51lyUTti5AqkQY9kI-9pU0ltDlqwm1Ox6j6h91UtNTN4bLOVIDBLsfxYxPxY:1rFFKF:5taOpw_GDYna62XEMM51EYvcrvs_tsgV5Biiiydvnik','2024-01-01 15:14:35.813167');
INSERT INTO "django_session" VALUES('thrbgnambj5hl8xuxkf3lx2l1rhpohw3','.eJxVjLEOhCAQRP9la0MQBMTyer-BrO56el4gES0uxn8_TWxsppj3ZnbInPOUYpj5B80ODhpdgD7zKCDgto5hy7yEiaA54aPrsJ85XoA-GN9J9Cmuy9SJSxE3zaJNxN_X7T4ORszjtZZUastkbemwZGVIMflaVTwYhQaNRCfJDt456auBayT0XjnNp6IcwvEH-19AJw:1rFxaj:crEt0fgv8aUgEvsVx6yhzZuq4A_KU2FkheZMJrT7UK8','2024-01-03 14:30:33.808353');
CREATE UNIQUE INDEX "auth_group_permissions_group_id_permission_id_0cd325b0_uniq" ON "auth_group_permissions" ("group_id", "permission_id");
CREATE INDEX IF NOT EXISTS "auth_group_permissions_group_id_b120cbf9" ON "auth_group_permissions" ("group_id");
CREATE INDEX IF NOT EXISTS "auth_group_permissions_permission_id_84c5c92e" ON "auth_group_permissions" ("permission_id");
CREATE UNIQUE INDEX "auth_user_groups_user_id_group_id_94350c0c_uniq" ON "auth_user_groups" ("user_id", "group_id");
CREATE INDEX IF NOT EXISTS "auth_user_groups_user_id_6a12ed8b" ON "auth_user_groups" ("user_id");
CREATE INDEX IF NOT EXISTS "auth_user_groups_group_id_97559544" ON "auth_user_groups" ("group_id");
CREATE UNIQUE INDEX "auth_user_user_permissions_user_id_permission_id_14a6b632_uniq" ON "auth_user_user_permissions" ("user_id", "permission_id");
CREATE INDEX IF NOT EXISTS "auth_user_user_permissions_user_id_a95ead1b" ON "auth_user_user_permissions" ("user_id");
CREATE INDEX IF NOT EXISTS "auth_user_user_permissions_permission_id_1fbb5f2c" ON "auth_user_user_permissions" ("permission_id");
CREATE INDEX IF NOT EXISTS "django_admin_log_content_type_id_c4bce8eb" ON "django_admin_log" ("content_type_id");
CREATE INDEX IF NOT EXISTS "django_admin_log_user_id_c564eba6" ON "django_admin_log" ("user_id");
CREATE UNIQUE INDEX "django_content_type_app_label_model_76bd3d3b_uniq" ON "django_content_type" ("app_label", "model");
CREATE UNIQUE INDEX "auth_permission_content_type_id_codename_01ab375a_uniq" ON "auth_permission" ("content_type_id", "codename");
CREATE INDEX IF NOT EXISTS "auth_permission_content_type_id_2f476e4b" ON "auth_permission" ("content_type_id");
CREATE INDEX IF NOT EXISTS "django_session_expire_date_a5c62663" ON "django_session" ("expire_date");
CREATE INDEX IF NOT EXISTS "item_item_category_id_7971a411" ON "item_item" ("category_id");
CREATE INDEX IF NOT EXISTS "item_item_created_by_id_abf41b7a" ON "item_item" ("created_by_id");
CREATE UNIQUE INDEX "cart_invoice_items_invoice_id_item_id_52c65eb2_uniq" ON "cart_invoice_items" ("invoice_id", "item_id");
CREATE INDEX IF NOT EXISTS "cart_invoice_items_invoice_id_2d01b4dc" ON "cart_invoice_items" ("invoice_id");
CREATE INDEX IF NOT EXISTS "cart_invoice_items_item_id_4352cbdb" ON "cart_invoice_items" ("item_id");
CREATE INDEX IF NOT EXISTS "django_apscheduler_djangojob_next_run_time_2f022619" ON "django_apscheduler_djangojob" ("next_run_time");
CREATE INDEX IF NOT EXISTS "django_apscheduler_djangojobexecution_run_time_16edd96b" ON "django_apscheduler_djangojobexecution" ("run_time");
CREATE INDEX IF NOT EXISTS "django_apscheduler_djangojobexecution_job_id_daf5090a" ON "django_apscheduler_djangojobexecution" ("job_id");
CREATE TABLE IF NOT EXISTS "item_category" ("id" integer NOT NULL PRIMARY KEY AUTOINCREMENT, "name" varchar(255) NOT NULL);
INSERT INTO "item_category" VALUES(1,'Long Play');
INSERT INTO "item_category" VALUES(2,'Extended Play');
INSERT INTO "item_category" VALUES(3,'Single');
INSERT INTO "item_category" VALUES(4,'45 RPM');
INSERT INTO "item_category" VALUES(5,'12" Single');
INSERT INTO "item_category" VALUES(6,'Picture Disc');
INSERT INTO "item_category" VALUES(7,'Colored Vinyl');
INSERT INTO "item_category" VALUES(8,'12" Maxi-Single');
CREATE UNIQUE INDEX "auth_group_permissions_group_id_permission_id_0cd325b0_uniq" ON "auth_group_permissions" ("group_id", "permission_id");
CREATE INDEX IF NOT EXISTS "auth_group_permissions_group_id_b120cbf9" ON "auth_group_permissions" ("group_id");
CREATE INDEX IF NOT EXISTS "auth_group_permissions_permission_id_84c5c92e" ON "auth_group_permissions" ("permission_id");
CREATE UNIQUE INDEX "auth_user_groups_user_id_group_id_94350c0c_uniq" ON "auth_user_groups" ("user_id", "group_id");
CREATE INDEX IF NOT EXISTS "auth_user_groups_user_id_6a12ed8b" ON "auth_user_groups" ("user_id");
CREATE INDEX IF NOT EXISTS "auth_user_groups_group_id_97559544" ON "auth_user_groups" ("group_id");
CREATE UNIQUE INDEX "auth_user_user_permissions_user_id_permission_id_14a6b632_uniq" ON "auth_user_user_permissions" ("user_id", "permission_id");
CREATE INDEX IF NOT EXISTS "auth_user_user_permissions_user_id_a95ead1b" ON "auth_user_user_permissions" ("user_id");
CREATE INDEX IF NOT EXISTS "auth_user_user_permissions_permission_id_1fbb5f2c" ON "auth_user_user_permissions" ("permission_id");
CREATE INDEX IF NOT EXISTS "django_admin_log_content_type_id_c4bce8eb" ON "django_admin_log" ("content_type_id");
CREATE INDEX IF NOT EXISTS "django_admin_log_user_id_c564eba6" ON "django_admin_log" ("user_id");
CREATE UNIQUE INDEX "django_content_type_app_label_model_76bd3d3b_uniq" ON "django_content_type" ("app_label", "model");
CREATE UNIQUE INDEX "auth_permission_content_type_id_codename_01ab375a_uniq" ON "auth_permission" ("content_type_id", "codename");
CREATE INDEX IF NOT EXISTS "auth_permission_content_type_id_2f476e4b" ON "auth_permission" ("content_type_id");
CREATE INDEX IF NOT EXISTS "django_session_expire_date_a5c62663" ON "django_session" ("expire_date");
CREATE INDEX IF NOT EXISTS "item_item_category_id_7971a411" ON "item_item" ("category_id");
CREATE INDEX IF NOT EXISTS "item_item_created_by_id_abf41b7a" ON "item_item" ("created_by_id");
CREATE UNIQUE INDEX "cart_invoice_items_invoice_id_item_id_52c65eb2_uniq" ON "cart_invoice_items" ("invoice_id", "item_id");
CREATE INDEX IF NOT EXISTS "cart_invoice_items_invoice_id_2d01b4dc" ON "cart_invoice_items" ("invoice_id");
CREATE INDEX IF NOT EXISTS "cart_invoice_items_item_id_4352cbdb" ON "cart_invoice_items" ("item_id");
CREATE INDEX IF NOT EXISTS "django_apscheduler_djangojob_next_run_time_2f022619" ON "django_apscheduler_djangojob" ("next_run_time");
CREATE INDEX IF NOT EXISTS "django_apscheduler_djangojobexecution_run_time_16edd96b" ON "django_apscheduler_djangojobexecution" ("run_time");
CREATE INDEX IF NOT EXISTS "django_apscheduler_djangojobexecution_job_id_daf5090a" ON "django_apscheduler_djangojobexecution" ("job_id");
CREATE TABLE IF NOT EXISTS "item_item" ("id" integer NOT NULL PRIMARY KEY AUTOINCREMENT, "name" varchar(255) NOT NULL, "description" text NULL, "price" real NOT NULL, "image" varchar(100) NULL, "is_sold" bool NOT NULL, "created_at" datetime NOT NULL, "category_id" bigint NOT NULL REFERENCES "item_category" ("id") DEFERRABLE INITIALLY DEFERRED, "created_by_id" integer NOT NULL REFERENCES "auth_user" ("id") DEFERRABLE INITIALLY DEFERRED, "made_by" varchar(255) NULL);
INSERT INTO "item_item" VALUES(1,'A Great Chaos','A Great Chaos is Ken Carsons third studio album, following up his July 2022 sophomore album, X and its deluxe, and his January 2023 mixtape, lost files 4.',10.0,'item_images/agreatchaos.jpg',0,'2023-12-06 12:53:42.810195',7,1,'Ken Carson');
INSERT INTO "item_item" VALUES(3,'TEC','TEC is Lil Teccas third studio album which released on September 22, 2023 as the follow-up to his August 2021 album, We Love You Tecca 2. The rollout for the album first started on January 27, 2023, where Tecca announced the title of the album via Twitter.',12.0,'item_images/tec.jpg',0,'2023-12-06 13:30:01.214852',7,1,'Lil Tecca');
INSERT INTO "item_item" VALUES(5,'Goodbye & Good Riddance','',25.0,'item_images/goodbye_and_good_riddance.jpg',0,'2023-12-08 17:41:58.116571',1,1,'Juice WRLD');
INSERT INTO "item_item" VALUES(6,'Whole Lotta Red','something',15.0,'item_images/wlr_LYZcTfu.jpg',0,'2023-12-09 08:21:25.870288',1,1,'Playboi Carti');
INSERT INTO "item_item" VALUES(7,'i ami was','i am > i was (read as I am greater than I was) is 21 Savages sophomore studio album. The album arrives almost a year and a half after Issa Album, his debut. The album boasts features from a plethora of artists, including J. Cole, ScHoolboy Q, and Childish Gambino.',20.0,'item_images/iambetterthaniwas.jpg',0,'2023-12-09 10:54:09.771415',1,1,'21 Savage');
INSERT INTO "item_item" VALUES(12,' ','',100.0,'item_images/mspetya_alb.jpg',0,'2023-12-15 07:55:13.683069',3,1,' ');
CREATE UNIQUE INDEX "auth_group_permissions_group_id_permission_id_0cd325b0_uniq" ON "auth_group_permissions" ("group_id", "permission_id");
CREATE INDEX IF NOT EXISTS "auth_group_permissions_group_id_b120cbf9" ON "auth_group_permissions" ("group_id");
CREATE INDEX IF NOT EXISTS "auth_group_permissions_permission_id_84c5c92e" ON "auth_group_permissions" ("permission_id");
CREATE UNIQUE INDEX "auth_user_groups_user_id_group_id_94350c0c_uniq" ON "auth_user_groups" ("user_id", "group_id");
CREATE INDEX IF NOT EXISTS "auth_user_groups_user_id_6a12ed8b" ON "auth_user_groups" ("user_id");
CREATE INDEX IF NOT EXISTS "auth_user_groups_group_id_97559544" ON "auth_user_groups" ("group_id");
CREATE UNIQUE INDEX "auth_user_user_permissions_user_id_permission_id_14a6b632_uniq" ON "auth_user_user_permissions" ("user_id", "permission_id");
CREATE INDEX IF NOT EXISTS "auth_user_user_permissions_user_id_a95ead1b" ON "auth_user_user_permissions" ("user_id");
CREATE INDEX IF NOT EXISTS "auth_user_user_permissions_permission_id_1fbb5f2c" ON "auth_user_user_permissions" ("permission_id");
CREATE INDEX IF NOT EXISTS "django_admin_log_content_type_id_c4bce8eb" ON "django_admin_log" ("content_type_id");
CREATE INDEX IF NOT EXISTS "django_admin_log_user_id_c564eba6" ON "django_admin_log" ("user_id");
CREATE UNIQUE INDEX "django_content_type_app_label_model_76bd3d3b_uniq" ON "django_content_type" ("app_label", "model");
CREATE UNIQUE INDEX "auth_permission_content_type_id_codename_01ab375a_uniq" ON "auth_permission" ("content_type_id", "codename");
CREATE INDEX IF NOT EXISTS "auth_permission_content_type_id_2f476e4b" ON "auth_permission" ("content_type_id");
CREATE INDEX IF NOT EXISTS "django_session_expire_date_a5c62663" ON "django_session" ("expire_date");
CREATE INDEX IF NOT EXISTS "item_item_category_id_7971a411" ON "item_item" ("category_id");
CREATE INDEX IF NOT EXISTS "item_item_created_by_id_abf41b7a" ON "item_item" ("created_by_id");
CREATE UNIQUE INDEX "cart_invoice_items_invoice_id_item_id_52c65eb2_uniq" ON "cart_invoice_items" ("invoice_id", "item_id");
CREATE INDEX IF NOT EXISTS "cart_invoice_items_invoice_id_2d01b4dc" ON "cart_invoice_items" ("invoice_id");
CREATE INDEX IF NOT EXISTS "cart_invoice_items_item_id_4352cbdb" ON "cart_invoice_items" ("item_id");
CREATE INDEX IF NOT EXISTS "django_apscheduler_djangojob_next_run_time_2f022619" ON "django_apscheduler_djangojob" ("next_run_time");
CREATE INDEX IF NOT EXISTS "django_apscheduler_djangojobexecution_run_time_16edd96b" ON "django_apscheduler_djangojobexecution" ("run_time");
CREATE INDEX IF NOT EXISTS "django_apscheduler_djangojobexecution_job_id_daf5090a" ON "django_apscheduler_djangojobexecution" ("job_id");
